Data No,Image Energy,Last 3 Average,Time
1.0,0.0,0.0,0.10381484031677246
2.0,0.01161403711044539,0.01161403711044539,0.035506248474121094
3.0,0.0340226619257116,0.0340226619257116,0.03868269920349121
4.0,0.04940605296885722,0.04940605296885722,0.04030609130859375
5.0,0.041299774351845314,0.041299774351845314,0.03800654411315918
6.0,0.031697481753755564,0.031697481753755564,0.03719043731689453
7.0,0.0,0.0,0.03700613975524902
8.0,0.012838548206250924,0.012838548206250924,0.03928971290588379
9.0,0.02805481408110259,0.02805481408110259,0.039009809494018555
10.0,0.04704829189979903,0.04704829189979903,0.039006710052490234
11.0,0.059749750768342325,0.059749750768342325,0.03850746154785156
12.0,0.06574744878375038,0.0369864824739415,0.03850603103637695
13.0,0.0654453726038141,0.04012875354175175,0.03900599479675293
14.0,0.07373408862252784,0.04256155710711881,0.03850674629211426
15.0,0.08187053561432767,0.04661863323336704,0.037507057189941406
16.0,0.09022034441357889,0.05247091949934938,0.03950643539428711
17.0,0.0937474536809366,0.06184566486744304,0.03850746154785156
18.0,0.0936916304890536,0.0699309730957233,0.038136959075927734
19.0,0.0991911298571828,0.07704460467333132,0.03880190849304199
20.0,0.12120862898358806,0.08446063838171022,0.03800678253173828
21.0,0.15392873051235154,0.09387853635611115,0.04219174385070801
22.0,0.18301968011249917,0.10560575948898603,0.035506248474121094
23.0,0.19463018792408338,0.11852424102101296,0.03929638862609863
24.0,0.1812907305983125,0.1292799052185914,0.03900742530822754
25.0,0.15753166177799666,0.13684601783495834,0.0379941463470459
26.0,0.1299547962324071,0.14081946301684115,0.03980684280395508
27.0,0.11093865645914201,0.14253858329466168,0.040191650390625
28.0,0.10630779290433398,0.14380019953618967,0.03600645065307617
29.0,0.10201878331785169,0.14408296488225658,0.03950691223144531
30.0,0.09813563125418363,0.14177566510931613,0.03962588310241699
31.0,0.08802983174757598,0.13518577523283862,0.0530095100402832
32.0,0.07020059671617393,0.1239038668932061,0.04150748252868652
33.0,0.06190734148257011,0.11063158224905478,0.03650641441345215
34.0,0.059064259572719296,0.09840893514649544,0.03800702095031738
35.0,0.07886073122990389,0.09054184209168617,0.039132118225097656
36.0,0.1000332364702458,0.08754968611547004,0.038193702697753906
37.0,0.14191965153570194,0.09064778562312603,0.03870224952697754
38.0,0.14968721279843542,0.09498572761253617,0.038300275802612305
39.0,0.12228658795732249,0.09701250807648325,0.03800654411315918
40.0,0.10294753102870025,0.0974936980539349,0.038506507873535156
41.0,0.07177315037868963,0.09586802991704627,0.03798818588256836
42.0,0.05030797788047918,0.09387876803347679,0.039010047912597656
43.0,0.05026651676037597,0.09271468556125738,0.03850698471069336
44.0,0.061620595973440426,0.09297031920132949,0.03850555419921875
45.0,0.07292597122330549,0.09237684320066965,0.03950834274291992
46.0,0.07030910541143938,0.08940443009478902,0.0375063419342041
47.0,0.06819626308492399,0.08203209124971121,0.03800678253173828
48.0,0.0697245014745584,0.07403582011732354,0.039006710052490234
49.0,0.07126398897131975,0.06893356021872325,0.03950667381286621
50.0,0.06885748750409355,0.06552455586626257,0.038007497787475586
51.0,0.06879153837322122,0.06522639466571574,0.03850913047790527
52.0,0.07123744753051413,0.06731934163071923,0.03992867469787598
53.0,0.08540031541079579,0.07083272149576121,0.039199113845825195
54.0,0.10518305135067957,0.07518896703348513,0.036914825439453125
55.0,0.12671280512326494,0.08056765042348106,0.03900742530822754
56.0,0.14860918984564084,0.08839765886690122,0.047057390213012695
57.0,0.15002065203188153,0.09658009776159697,0.05100750923156738
58.0,0.13383548932281947,0.10299119654642308,0.03600621223449707
59.0,0.12042448771866622,0.10790724642115772,0.038007497787475586
60.0,0.10263444274187447,0.11128494194493581,0.040509939193725586
61.0,0.08878867249267401,0.1132846553568811,0.03650712966918945
62.0,0.07190158789358546,0.11335106939318822,0.03958272933959961
63.0,0.05165242693508551,0.10997628054561719,0.03939986228942871
64.0,0.03676136949656046,0.10313411236020528,0.0380096435546875
65.0,0.038557725160442015,0.094318604363923,0.03896784782409668
66.0,0.04864873644190033,0.08432255902354895,0.0375063419342041
67.0,0.06558608396104879,0.07587910221646568,0.03978133201599121
68.0,0.08718303081593207,0.07121385636577694,0.037717580795288086
69.0,0.09478569050176497,0.06864997664408681,0.04011702537536621
70.0,0.09029094381606508,0.06741562675150586,0.03650665283203125
71.0,0.08348653914556048,0.06688541341679452,0.04019021987915039
72.0,0.06977451178731114,0.06667270580616709,0.03650665283203125
73.0,0.05455329887290664,0.0669627929999492,0.03949689865112305
74.0,0.05394921561977139,0.06868157761227028,0.03749442100524902
75.0,0.04596956379958219,0.06942276147618429,0.03845381736755371
76.0,0.04716281118117058,0.06927416895011133,0.038010597229003906
77.0,0.060007668036448546,0.0687163273576513,0.03800654411315918
78.0,0.06618301517178901,0.06661632579323701,0.03950691223144531
79.0,0.06327029473878769,0.06346478621693927,0.038007259368896484
80.0,0.04890525789095725,0.05932621762442848,0.039505720138549805
81.0,0.030292067486418498,0.054006770458514305,0.03850841522216797
82.0,0.015087250427617552,0.04853804432254493,0.04950737953186035
83.0,0.005163567567772502,0.04359907119203152,0.0465085506439209
84.0,0.02089185904791099,0.04029333553484547,0.03700542449951172
85.0,0.04771158015024088,0.04046753716991134,0.03700685501098633
86.0,0.07658480641854004,0.043409736693648296,0.039006948471069336
87.0,0.08714061592781697,0.04612303148278514,0.03800678253173828
88.0,0.07337735260183689,0.04684246522578992,0.03850674629211426
89.0,0.05263174284170991,0.04577861003608215,0.03800678253173828
90.0,0.03413886135737965,0.04430197038272439,0.038506507873535156
91.0,0.03843176604378786,0.04511594023846131,0.039006948471069336
92.0,0.05047417068602452,0.048654632264302014,0.03800654411315918
93.0,0.0618177741222271,0.05432005291974747,0.03850960731506348
94.0,0.07096916841238064,0.05932778385619444,0.03941512107849121
95.0,0.07868643603569841,0.06242526944474021,0.038305044174194336
96.0,0.08618429077371861,0.06338521788025805,0.039504051208496094
97.0,0.09889141593746104,0.06456029788122246,0.03830885887145996
98.0,0.11758592196003778,0.06898115481704256,0.0375065803527832
99.0,0.1210517904264209,0.07582315957551367,0.03858780860900879
100.0,0.11661130497001494,0.08407040393677717,0.039292335510253906
101.0,0.11711682670451762,0.09193891000285015,0.03849601745605469
102.0,0.11378857774052548,0.09827035070830026,0.037804365158081055
103.0,0.10935063469431804,0.10302363676550934,0.03919553756713867
104.0,0.10832940681668293,0.10675966060593958,0.039507150650024414
105.0,0.10755777694487707,0.10964679469685742,0.03568315505981445
106.0,0.1120110285366228,0.11222946847314783,0.03900933265686035
107.0,0.12852158745957876,0.11519248562535962,0.039008378982543945
108.0,0.14944650892260336,0.11837854432161618,0.05400848388671875
109.0,0.15033692681232896,0.121307057960207,0.036505699157714844
110.0,0.13353002109307882,0.12299892957251339,0.0375063419342041
111.0,0.10967718715533192,0.12225496561759482,0.03807377815246582
112.0,0.07697761125587502,0.11857386896912976,0.03869891166687012
113.0,0.06298492097163896,0.11393729759686186,0.03899860382080078
114.0,0.060273414548303594,0.10913169837002394,0.039006948471069336
115.0,0.04885316236045098,0.10326123691158132,0.03849077224731445
116.0,0.040851500761828155,0.09614528413410187,0.0380096435546875
117.0,0.03400032534445266,0.08669315792258925,0.041007041931152344
118.0,0.029975227649191215,0.07474602979524804,0.03600668907165527
119.0,0.031099995542667427,0.06282233666828188,0.039507150650024414
120.0,0.03359740403824527,0.05282907496279852,0.03900623321533203
121.0,0.04842780804765798,0.04670413705203112,0.03850698471069336
122.0,0.05623086713612129,0.04462946264005575,0.03800678253173828
123.0,0.06586269604671774,0.04491724014756363,0.03795051574707031
124.0,0.06830631691175361,0.04572053038390863,0.03900742530822754
125.0,0.05777289484635424,0.046612503632498956,0.03700661659240723
126.0,0.05108372979819598,0.04763572653613574,0.03998851776123047
127.0,0.053059331791267414,0.04954162718081721,0.03650665283203125
128.0,0.056506232813334355,0.05219472769723153,0.03869175910949707
129.0,0.0631698756705757,0.05540171571002236,0.03980302810668945
130.0,0.07416971227593651,0.05945894653379148,0.036971092224121094
131.0,0.08958383513121793,0.06357454924214748,0.038526058197021484
132.0,0.09503138825145657,0.067454601353681,0.039508819580078125
133.0,0.0971843535768189,0.07058676710669112,0.038491249084472656
134.0,0.09027218484296998,0.07278335389981275,0.05350470542907715
135.0,0.07077604218873584,0.07408366863405091,0.04400753974914551
136.0,0.06685788466692781,0.07566108412092408,0.036505937576293945
137.0,0.08467415287962977,0.07882256622976033,0.03678536415100098
138.0,0.11093544363558804,0.0842654873119857,0.04000711441040039
139.0,0.12098628150107545,0.09004712789503569,0.03869199752807617
140.0,0.11306297307692974,0.093936453975135,0.0364987850189209
141.0,0.10050274890165409,0.09502834535217862,0.03949904441833496
142.0,0.0816721894437898,0.09369242547141195,0.0380094051361084
143.0,0.06889128893447659,0.09086311900717772,0.0375065803527832
144.0,0.0643151942902941,0.08826741995191013,0.03850674629211426
145.0,0.05457403596397856,0.0866472193294344,0.040010690689086914
146.0,0.05053052184468182,0.0850144830472098,0.037505149841308594
147.0,0.04741386445179794,0.08128845420442662,0.03900766372680664
148.0,0.03930991195004321,0.07412590103587213,0.03800630569458008
149.0,0.03119639179518455,0.06514691206528303,0.03850722312927246
150.0,0.030998977981952874,0.05694051255578535,0.03700709342956543
151.0,0.032629163512200826,0.05015315401684003,0.03950691223144531
152.0,0.03878840870087659,0.0458647759425487,0.03750944137573242
153.0,0.04625113402760909,0.04360076045186197,0.03960084915161133
154.0,0.06337142406580935,0.04350638342941348,0.03831648826599121
155.0,0.08562222985251641,0.04661120281826727,0.03799080848693848
156.0,0.09520912012116145,0.05107906264591523,0.040015459060668945
157.0,0.11422916921022293,0.05776059312175773,0.037729740142822266
158.0,0.13101171609092155,0.06693077353584556,0.03878378868103027
159.0,0.14424888070929223,0.07823602242725633,0.0386807918548584
160.0,0.1599245793444448,0.09112858256350552,0.0530087947845459
161.0,0.1647774893464247,0.10434341514692791,0.03600621223449707
162.0,0.14785752631680066,0.11525032690852033,0.03700661659240723
163.0,0.12560074526301157,0.12318528803206057,0.03927445411682129
164.0,0.09690971370839803,0.12653911699631945,0.03950691223144531
165.0,0.08124324300324212,0.12610121831139204,0.036998748779296875
166.0,0.06817797728783956,0.1233981040280598,0.039674997329711914
167.0,0.04439748685729774,0.1164149357927673,0.03782367706298828
168.0,0.014542246394625799,0.10476798882313773,0.03899693489074707
169.0,0.04216733434480597,0.09455983418668909,0.03850746154785156
170.0,0.08182991868380983,0.08675036812062561,0.03850698471069336
171.0,0.09656840104798331,0.07992945929078146,0.03848838806152344
172.0,0.09478976933936963,0.07462268359303835,0.03850674629211426
173.0,0.08937853401979369,0.07100046246871658,0.03951144218444824
174.0,0.09364195774026093,0.07067368687190287,0.03850555419921875
175.0,0.09835045526695732,0.07238440809827437,0.03850746154785156
176.0,0.10806764256669339,0.07637337462615976,0.03750729560852051
177.0,0.12479744967453608,0.0844133709078836,0.03950619697570801
178.0,0.1389462921102576,0.09685377547944678,0.03800630569458008
179.0,0.15308730943611065,0.10794577298857726,0.038007259368896484
180.0,0.16894149130042801,0.11665693025023907,0.03850841522216797
181.0,0.16258343437972975,0.1232584335834137,0.03951287269592285
182.0,0.1383361447695301,0.12761307112642978,0.038619279861450195
183.0,0.11297025336631043,0.12997224306108143,0.03850984573364258
184.0,0.08936097538083218,0.12954414482513857,0.04000735282897949
185.0,0.07420263695895722,0.12712936299433855,0.05000805854797363
186.0,0.06705021934839232,0.12302762067250846,0.04500865936279297
187.0,0.0685427860009404,0.11740215430514889,0.03500628471374512
188.0,0.0763979386011595,0.11114731895423904,0.039006710052490234
189.0,0.08831825749134167,0.10467041375976216,0.03851008415222168
190.0,0.10344310846188551,0.09812057547590791,0.03950977325439453
191.0,0.10539472701125528,0.09240170473906048,0.03803563117980957
192.0,0.09203676544472643,0.0877717668065801,0.03851008415222168
193.0,0.08234519902608281,0.08470926137255733,0.03750419616699219
194.0,0.07365668007026063,0.08313883184150019,0.03913283348083496
195.0,0.06568264121809768,0.08228683226741422,0.038751840591430664
196.0,0.06425228330985273,0.08200703866356027,0.03919529914855957
197.0,0.06194515076320674,0.08134727513978689,0.03760409355163574
198.0,0.05682302284534994,0.07938978356420594,0.04029679298400879
199.0,0.04937282980276489,0.07549524079534826,0.03820371627807617
200.0,0.042265000205364334,0.06937742996969613,0.0368962287902832
201.0,0.04895237230436581,0.06373319449900719,0.03900742530822754
202.0,0.057835889061845724,0.06031310686071913,0.03752422332763672
203.0,0.06393798119453557,0.0584723850775644,0.03957033157348633
204.0,0.0658324501807035,0.057689962088608694,0.037912845611572266
205.0,0.0565951582683278,0.05678121379363171,0.0380094051361084
206.0,0.05363418572717784,0.05571940403536422,0.03850674629211426
207.0,0.05817768976391946,0.05534265793543548,0.039006948471069336
208.0,0.06130157054275189,0.055790512705175675,0.038007259368896484
209.0,0.06394445267471975,0.057247674992371156,0.04000711441040039
210.0,0.0690487067902111,0.05992604565085584,0.03700590133666992
211.0,0.07887572101311467,0.06291838052173074,0.041507720947265625
212.0,0.09477613901046131,0.06661240551659228,0.05100893974304199
213.0,0.10391493093797169,0.0706101004909359,0.035005807876586914
214.0,0.10494668956017639,0.07452152442888318,0.03800702095031738
215.0,0.09559934449334359,0.07842194305138478,0.039006710052490234
216.0,0.07950385746034784,0.08100891022470177,0.04000687599182129
217.0,0.06484200289597106,0.08167534153790693,0.03700661659240723
218.0,0.055492848082729154,0.08109446929190466,0.04000711441040039
219.0,0.06675123524402572,0.08137514754883525,0.04000687599182129
220.0,0.08761702831527186,0.08323197970134133,0.03650665283203125
221.0,0.11630726679516573,0.08697513427954644,0.03850960731506348
222.0,0.1414212367337122,0.09163964405187153,0.03901386260986328
223.0,0.14995275233454428,0.09624342619152879,0.03750133514404297
224.0,0.15204811910809854,0.10095356914632099,0.03995370864868164
225.0,0.14191442240626173,0.1055850769376128,0.0380101203918457
226.0,0.11065357159395031,0.10870004835097306,0.03858017921447754
227.0,0.07205579315187044,0.10942142737656299,0.03884768486022949
228.0,0.053644025673593776,0.10923654513564947,0.03850698471069336
229.0,0.05917813731804787,0.10847923534305166,0.038050174713134766
230.0,0.07345772375321974,0.10706330488684646,0.038498640060424805
231.0,0.07813951646632754,0.10324652985396263,0.0395047664642334
232.0,0.0629239993479794,0.09539680611538937,0.03699517250061035
233.0,0.051110708191322365,0.08551260170106717,0.03950333595275879
234.0,0.042260285837850395,0.07453381837404235,0.03794693946838379
235.0,0.05288932458391967,0.06563130859180814,0.039052486419677734
236.0,0.09088833745752248,0.06365478517816536,0.036509037017822266
237.0,0.12922849530738675,0.069372055393717,0.04000711441040039
238.0,0.14430985249749662,0.07843863807610728,0.04450845718383789
239.0,0.12849066192647096,0.0853698905369496,0.05100822448730469
240.0,0.11205938405805954,0.08923005656743357,0.035506248474121094
241.0,0.09804592982170174,0.091220697902971,0.03795957565307617
242.0,0.07243392476980445,0.0921716904451535,0.039504051208496094
243.0,0.05630857003319852,0.09269147662934113,0.03769516944885254
244.0,0.03972512355168995,0.09243796040072508,0.03829765319824219
245.0,0.022836428250830182,0.08943267076741614,0.03780508041381836
246.0,0.02405311072386074,0.08274914809404996,0.039507150650024414
247.0,0.031338307428792504,0.07296012930619053,0.037006378173828125
248.0,0.02496330471399065,0.06102547452783993,0.03851056098937988
249.0,0.012629618951531247,0.04943937023034596,0.03850674629211426
250.0,0.016670076964938944,0.03990043952103389,0.039006710052490234
251.0,0.03552717691689835,0.033648564230553554,0.03800654411315918
252.0,0.03629256270074653,0.030034428023647763,0.04500889778137207
253.0,0.04688702673679227,0.02909227369400714,0.036505937576293945
254.0,0.06694589724900954,0.0318143510637391,0.03650712966918945
255.0,0.09605352971271987,0.03913606120992806,0.040007829666137695
256.0,0.1171990110083932,0.04845065123838131,0.0375065803527832
257.0,0.12053787296208487,0.05737060779171055,0.039626121520996094
258.0,0.101461634072774,0.06502044072758888,0.03850674629211426
259.0,0.07976190035241189,0.07173366886767694,0.0384829044342041
260.0,0.0640678445013592,0.07647344562131897,0.039499521255493164
261.0,0.06574890428245894,0.07949561835787503,0.0375065803527832
262.0,0.0733485993767094,0.08320122202547131,0.03849458694458008
263.0,0.08335189686206755,0.08684770903799885,0.03920269012451172
264.0,0.09213005244225372,0.08936612455732326,0.0505216121673584
265.0,0.10828110658401355,0.09058888224445263,0.0460054874420166
266.0,0.12345702994205354,0.09121468413781866,0.036006927490234375
267.0,0.14126144587330094,0.09328704142894027,0.03776383399963379
268.0,0.15270837207114987,0.09841171522877787,0.037499427795410156
269.0,0.14416436691112658,0.10485196188464933,0.04019975662231445
270.0,0.12019290571023979,0.1104644680055374,0.037301063537597656
271.0,0.10009034911755357,0.11389861248904684,0.038498878479003906
272.0,0.08160096407194362,0.11472384895857028,0.03950667381286621
273.0,0.06969302674734777,0.11335796194709828,0.036994218826293945
274.0,0.06163172760343621,0.11030812946321653,0.039507389068603516
275.0,0.057192607012939815,0.10519927950610915,0.038995981216430664
276.0,0.057017235058728084,0.09855530001777663,0.03819537162780762
277.0,0.0597595158291932,0.09040510701336586,0.03900861740112305
278.0,0.06376452769827885,0.08151072257607875,0.03800606727600098
279.0,0.06451128763747883,0.07354541464871397,0.038507938385009766
280.0,0.062023347763791835,0.06772845885406917,0.040006399154663086
281.0,0.05885358933521006,0.06360478287583482,0.039006710052490234
282.0,0.05908894958365452,0.06135358142700591,0.03650712966918945
283.0,0.05222279475056868,0.05960655822732801,0.039006710052490234
284.0,0.04763270186298421,0.0582066556532828,0.03900742530822754
285.0,0.05363220377720668,0.05785061532970949,0.038506507873535156
286.0,0.06177009995319648,0.05832590181915633,0.03904080390930176
287.0,0.05547971671092786,0.05789792190732981,0.03850674629211426
288.0,0.04687833313803537,0.056209302451305454,0.03718972206115723
289.0,0.04072100363357238,0.053830274050914804,0.03949928283691406
290.0,0.03363801458031561,0.050991740732567195,0.03799748420715332
291.0,0.03707160533221303,0.048813542332267486,0.052010297775268555
292.0,0.04693437348512068,0.0475980847224141,0.041506290435791016
293.0,0.055644876814164405,0.04794029292877368,0.03450655937194824
294.0,0.06173481144901053,0.049350503887376315,0.03847813606262207
295.0,0.059439728969312156,0.04993125640658686,0.03900408744812012
296.0,0.04112796614397398,0.0478670430256646,0.03779911994934082
297.0,0.028033316699645486,0.045122403024536364,0.03850245475769043
298.0,0.03483862500967543,0.04391843221170037,0.039373159408569336
299.0,0.041964195081797016,0.04404275135652282,0.03802323341369629
300.0,0.04907930391572069,0.04558688029006334,0.038803815841674805
301.0,0.05381140427707846,0.04726086018454988,0.03997325897216797
302.0,0.05326034325333597,0.04789345716137141,0.03750872611999512
303.0,0.05420348321557482,0.04774931780151245,0.03801321983337402
304.0,0.04414955482323096,0.0459907921389345,0.039000749588012695
305.0,0.03510159701544874,0.04355697894354816,0.037999629974365234
306.0,0.03562944956478457,0.043007127285629214,0.039758920669555664
307.0,0.04075553715772364,0.044279349331437026,0.03994560241699219
308.0,0.04829276097183688,0.045624762927653176,0.03700828552246094
309.0,0.05724144996068118,0.047152488415541594,0.039507150650024414
310.0,0.06484328368100764,0.04872888639207029,0.03700613975524902
311.0,0.073023708054046,0.05065011676976704,0.038506269454956055
312.0,0.07705629891641728,0.053029712336075174,0.040007591247558594
313.0,0.07648764147914346,0.055258128162432044,0.03900718688964844
314.0,0.07258027986214559,0.058101200666323495,0.037506103515625
315.0,0.07053507547430318,0.06164454851220894,0.039510488510131836
316.0,0.06570153971124158,0.06465175752685463,0.03860974311828613
317.0,0.06299998362229865,0.06687620217331215,0.038430213928222656
318.0,0.06213475509904564,0.06826040158603303,0.05601000785827637
319.0,0.06242203703202238,0.06877846029316714,0.03650712966918945
320.0,0.06468864107432974,0.06876299603249936,0.0375058650970459
321.0,0.06369580225622071,0.06783020545271683,0.03850913047790527
322.0,0.05169574242099095,0.06529414980317419,0.03750729560852051
323.0,0.04152184053258293,0.06179756970851813,0.039006948471069336
324.0,0.035113422716372314,0.0580508839939408,0.03914809226989746
325.0,0.029402837787712625,0.05393766022528176,0.037507057189941406
326.0,0.02819727894155194,0.05018723414831279,0.03800654411315918
327.0,0.02782334013171747,0.04666956979925467,0.03901052474975586
328.0,0.04194529830573247,0.04465062411992335,0.037506818771362305
329.0,0.08593248827459474,0.04700166924418059,0.03815746307373047
330.0,0.1353027559752127,0.054063080734268874,0.0403141975402832
331.0,0.1807164259068665,0.06576514309933347,0.03731799125671387
332.0,0.2231804984410337,0.08291361870133775,0.03918051719665527
333.0,0.2347862652637659,0.10224006117445605,0.03800630569458008
334.0,0.23607124438962748,0.12233584334178156,0.038196563720703125
335.0,0.22384976258931832,0.1417805358219421,0.04093456268310547
336.0,0.19715980096956015,0.15867678802474294,0.03636050224304199
337.0,0.15433758650182475,0.1713282126617537,0.038007259368896484
338.0,0.10805028880290474,0.1779387117114709,0.03900909423828125
339.0,0.06459328379705798,0.17580479126371723,0.03950691223144531
340.0,0.03966100004256068,0.16624061567045198,0.04250764846801758
341.0,0.02273904701061649,0.15044287778082704,0.03500556945800781
342.0,0.02232948784877172,0.13035777672160082,0.03850674629211426
343.0,0.031521806743201715,0.11003133086954439,0.04801058769226074
344.0,0.06766332931282393,0.09319053936186404,0.04850649833679199
345.0,0.09267946587322821,0.08007350969025503,0.03650665283203125
346.0,0.08935396978586238,0.06929292657188525,0.036505937576293945
347.0,0.06576842528717072,0.060436010450419866,0.040007829666137695
348.0,0.02839917496744023,0.05247089906687341,0.0375063419342041
349.0,0.006955200062139135,0.04670709069338152,0.03850674629211426
350.0,0.03450747466585523,0.046191738155710975,0.03900647163391113
351.0,0.06691020090791909,0.050608853545441236,0.03950691223144531
352.0,0.07435772428352701,0.05581167718891676,0.0375065803527832
353.0,0.06294167249277495,0.058953663763874085,0.03700613975524902
354.0,0.05268033967525372,0.05745536480011707,0.039515018463134766
355.0,0.032453253753132336,0.051432743588107475,0.03875112533569336
356.0,0.03532008721399326,0.04602935533092057,0.03911304473876953
357.0,0.04332749245619067,0.04378526204782256,0.038384437561035156
358.0,0.05091459207929279,0.046036803759007816,0.03811812400817871
359.0,0.06972872924536014,0.052314156677329915,0.0393986701965332
360.0,0.099210874517272,0.05878449666247158,0.038301706314086914
361.0,0.13350267405520364,0.06544374397720006,0.0399785041809082
362.0,0.15841723808389493,0.07384969535723684,0.037323951721191406
363.0,0.17085784140489366,0.08464131224844872,0.03916192054748535
364.0,0.1865865341695784,0.09803193169788119,0.03783702850341797
365.0,0.19901589124048946,0.11468819544661688,0.03900647163391113
366.0,0.21051724860549903,0.1322079115857675,0.038492441177368164
367.0,0.21269921337623574,0.14914508367777196,0.03851032257080078
368.0,0.19346063805265526,0.16339968827510823,0.040010690689086914
369.0,0.14957367093007112,0.17138418244357934,0.0400090217590332
370.0,0.11418557062293544,0.17288165205414568,0.05250668525695801
371.0,0.09688849212965232,0.16922023386159052,0.03750729560852051
372.0,0.09285241601048329,0.16266375165424937,0.03615546226501465
373.0,0.0968747061426794,0.15526543812802795,0.04030013084411621
374.0,0.09860678587920299,0.1464674632989904,0.04050111770629883
375.0,0.08978395301083092,0.13554426947602455,0.03450608253479004
376.0,0.07603031067676384,0.12209557568315103,0.04050707817077637
377.0,0.06090279300387293,0.10691593364591476,0.03800678253173828
378.0,0.05168297982797746,0.09273816782344697,0.03850984573364258
379.0,0.049719220383173626,0.08275272276875721,0.039006948471069336
380.0,0.05001178273634389,0.07633534398009807,0.03850579261779785
381.0,0.05080888442407114,0.07172738320953995,0.03850674629211426
382.0,0.05126585779120208,0.06756872738761184,0.03950810432434082
383.0,0.04900538597962202,0.06278179537130608,0.03850603103637695
384.0,0.047898831077837455,0.05771099989116953,0.03800702095031738
385.0,0.04423899059159169,0.0531565036492456,0.03892803192138672
386.0,0.04115545114977337,0.049669017696546566,0.03800344467163086
387.0,0.04060612306584132,0.0476393507027434,0.03900790214538574
388.0,0.045448802130038504,0.047015932932949506,0.039489030838012695
389.0,0.049791902541777344,0.04702320114880988,0.037001609802246094
390.0,0.04911763093827454,0.04693378596900295,0.038999080657958984
391.0,0.04932244905288146,0.04678514243188398,0.03799700736999512
392.0,0.04413794232540121,0.04607235088530389,0.03900146484375
393.0,0.03462862858317339,0.044634675145659025,0.037500858306884766
394.0,0.02723658968937706,0.04256845100681299,0.03900718688964844
395.0,0.02131705468233979,0.04027625741588779,0.04269814491271973
396.0,0.011917386193562815,0.03735245092026674,0.05000805854797363
397.0,0.011290715731966293,0.03442091018687923,0.03600573539733887
398.0,0.022695954157850955,0.03214562538966049,0.03693032264709473
399.0,0.040326750685480306,0.031199110204030784,0.03984951972961426
400.0,0.047614399638376256,0.031048787074040955,0.037804603576660156
401.0,0.042440831242780544,0.030360625293030862,0.04037976264953613
402.0,0.030755862803775798,0.029022417340868318,0.037506103515625
403.0,0.025361467121030698,0.028095701194654054,0.03850984573364258
404.0,0.029957654932575555,0.028367807718973903,0.03800678253173828
405.0,0.033368501830148216,0.029572952433754747,0.03900575637817383
406.0,0.039721826100489716,0.032353396424447435,0.03900766372680664
407.0,0.049286077680214244,0.03615293261927223,0.03850722312927246
408.0,0.05839245602575329,0.03972258280606246,0.03900647163391113
409.0,0.06498488478646583,0.042188396216161016,0.0375058650970459
410.0,0.06733172206334888,0.04416012845865827,0.0400080680847168
411.0,0.06626808160528545,0.04654285349490876,0.038506507873535156
412.0,0.06353747211141925,0.04982101442567312,0.03800630569458008
413.0,0.06033625979879145,0.05331849369344919,0.03850984573364258
414.0,0.05671190015138402,0.05599391821533004,0.03851032257080078
415.0,0.05569921946556131,0.058226989978871345,0.037958621978759766
416.0,0.06160764589373537,0.0604155719581959,0.03850579261779785
417.0,0.06990217951702063,0.06247718214187655,0.040755271911621094
418.0,0.08777029174972623,0.06541496571427385,0.038010358810424805
419.0,0.11014845126877179,0.06993132236250443,0.03899049758911133
420.0,0.1399251138832603,0.07719066154449558,0.039139509201049805
421.0,0.17665732881024115,0.08822958626499114,0.05100870132446289
422.0,0.2047659186682802,0.10235243092067722,0.04150676727294922
423.0,0.20414369203489136,0.11673317414428723,0.03600740432739258
424.0,0.19647479750261496,0.13070946387941032,0.0368344783782959
425.0,0.1705860524249712,0.1421981471753513,0.0415034294128418
426.0,0.15810951967145956,0.15184833455312371,0.03800678253173828
427.0,0.15378381646597916,0.16023649824801955,0.03600645065307617
428.0,0.15111828856896736,0.16657129792994368,0.03948473930358887
429.0,0.1229941123315564,0.16785586403622213,0.037703752517700195
430.0,0.08775428311162906,0.16263878095905904,0.03800654411315918
431.0,0.06177636732006256,0.1511506848100412,0.04071211814880371
432.0,0.05520699372417924,0.1361947923156311,0.03825640678405762
433.0,0.055790880881000024,0.12135951120024195,0.03800773620605469
434.0,0.061365748825645515,0.107848606332545,0.03900885581970215
435.0,0.06631116229781221,0.09742111731982911,0.03950762748718262
436.0,0.07003759107622666,0.08861392446030582,0.03800630569458008
437.0,0.07796841867384972,0.08103238468109288,0.03900718688964844
438.0,0.083808234711204,0.07430137929531654,0.04000663757324219
439.0,0.08631591598915696,0.0706335596610766,0.037506818771362305
440.0,0.09523085564500433,0.07138121691441413,0.03800630569458008
441.0,0.10445836811178592,0.07564941699358646,0.03850603103637695
442.0,0.10735119292484652,0.08086383691365319,0.03800773620605469
443.0,0.09552832242634904,0.08483758106818809,0.038506507873535156
444.0,0.07704833195933387,0.08640583938155692,0.0380098819732666
445.0,0.06762763411185689,0.0865374865629614,0.03823280334472656
446.0,0.06188982672295182,0.08572271012763391,0.040506601333618164
447.0,0.047860807781473676,0.08271194903839632,0.04950904846191406
448.0,0.028621897475914242,0.07719331531486734,0.04250788688659668
449.0,0.017791682309256096,0.07034089194687725,0.03650617599487305
450.0,0.05254413139045799,0.06607221952142261,0.03600645065307617
451.0,0.062185511120056366,0.06184493382224966,0.042000770568847656
452.0,0.05261842913319544,0.056371657443084554,0.03776860237121582
453.0,0.0499461922836837,0.05181344442881801,0.038237810134887695
454.0,0.049239920550601904,0.04903260328794481,0.039179086685180664
455.0,0.052194054572411226,0.047489245334000244,0.03777623176574707
456.0,0.04578637127486595,0.04587889978919166,0.03800153732299805
457.0,0.03868700567081969,0.04496151957812626,0.039006948471069336
458.0,0.028953687419371016,0.04499469857247194,0.0377957820892334
459.0,0.026731464611285217,0.045888676802674846,0.03900909423828125
460.0,0.017573170772204185,0.04239158074084946,0.039461612701416016
461.0,0.022790185499708605,0.038452048178814695,0.037009477615356445
462.0,0.03464713154082645,0.03665491841957779,0.038010597229003906
463.0,0.042274023095757916,0.03588770150078522,0.03950691223144531
464.0,0.03894569880814151,0.03485827932653918,0.04000687599182129
465.0,0.02883853994980435,0.03252272786427849,0.037506103515625
466.0,0.01486019501725802,0.029430110238517694,0.03850674629211426
467.0,0.0329619712708043,0.028857606798516157,0.03850674629211426
468.0,0.06626154653529082,0.03258839271010814,0.03700542449951172
469.0,0.10614153056862825,0.040529399305842435,0.03950762748718262
470.0,0.1463638817948497,0.05340847040810699,0.03800654411315918
471.0,0.16859862578973853,0.06798931443710998,0.039006948471069336
472.0,0.17561752833372474,0.08208635411639982,0.041471004486083984
473.0,0.17760632208396143,0.09561958401522017,0.049007415771484375
474.0,0.16640836035836828,0.10836585017024285,0.03650641441345215
475.0,0.15652430031057796,0.12113442620632023,0.03751063346862793
476.0,0.14222371595517835,0.13387077830011224,0.03729391098022461
477.0,0.12977629944844232,0.14355221111787603,0.04053473472595215
478.0,0.11734084142337399,0.14866014060668437,0.039505720138549805
479.0,0.10778186439788742,0.1488241739896103,0.03651261329650879
480.0,0.09968629597658092,0.1441564154077834,0.038990020751953125
481.0,0.10706233236947403,0.13800278606575694,0.03931260108947754
482.0,0.1074450071385831,0.13118553394624274,0.03749966621398926
483.0,0.10058720187003516,0.12348362192485014,0.03868722915649414
484.0,0.08920246189342923,0.11576303207835625,0.03901267051696777
485.0,0.0773980338540411,0.10785040543270256,0.03880167007446289
486.0,0.06303840463752519,0.09993187430093722,0.03834199905395508
487.0,0.051840407809919435,0.09213828513708495,0.03900861740112305
488.0,0.04279498870178111,0.08468369986492566,0.037009239196777344
489.0,0.03736784116078169,0.0776422975412151,0.04000425338745117
490.0,0.03402975775118434,0.07107664371867543,0.03700661659240723
491.0,0.03713568612462346,0.06408397909419038,0.039010047912597656
492.0,0.042926734658796394,0.05763215184621171,0.039006710052490234
493.0,0.04518270836627327,0.05209170249583552,0.03900766372680664
494.0,0.03814407750934998,0.04698586405742759,0.03800606727600098
495.0,0.02870161882154585,0.04211622255417807,0.039507389068603516
496.0,0.013649603392313931,0.037177342429656944,0.038506507873535156
497.0,0.006112393620890794,0.032604541010754086,0.03800702095031738
498.0,0.00976971423423787,0.02930201356399976,0.05435800552368164
499.0,0.019432435161230104,0.0275084729640446,0.04300737380981445
500.0,0.034470757581389226,0.02755257294706509,0.0355067253112793
501.0,0.05315842548943044,0.029154846883545787,0.03751039505004883
502.0,0.07077365619077174,0.03193953903674333,0.04050731658935547
503.0,0.0807982900714224,0.035501097207258234,0.037506818771362305
504.0,0.07670956670620498,0.039357646126943736,0.03900647163391113
505.0,0.06484548682705611,0.04297203292749476,0.037506103515625
506.0,0.05318195294198788,0.04692526788246215,0.03901028633117676
507.0,0.05213336644660211,0.05152736516503329,0.03950619697570801
508.0,0.05929731258364897,0.0564801249999744,0.03800678253173828
509.0,0.0728819259834238,0.061825074082193766,0.038643836975097656
510.0,0.08560728767448236,0.06693872709150307,0.046507835388183594
511.0,0.07796037676146222,0.06941892221870624,0.027504920959472656
512.0,0.05004106085078785,0.06734566268470786,0.03916597366333008
513.0,0.04003837840867578,0.0632696715184332,0.03932619094848633
514.0,0.05427498694701029,0.06102621354251373,0.03800845146179199
515.0,0.06551660762340436,0.061093325622148566,0.03848528861999512
516.0,0.059366636059965276,0.0617117939339463,0.03920340538024902
517.0,0.040111026129328854,0.06050955990221897,0.037821054458618164
518.0,0.039678140100901524,0.05854764265394423,0.03847765922546387
519.0,0.04144940654581503,0.05540439071018336,0.038506507873535156
520.0,0.04933333812970281,0.0517769957557054,0.038992881774902344
521.0,0.049072187212918734,0.04888817680085105,0.03900718688964844
522.0,0.044570140945384744,0.04834108481031074,0.03817176818847656
523.0,0.041577663490065545,0.048495013318449715,0.03800845146179199
524.0,0.0368005084328172,0.046747565467030405,0.04150843620300293
525.0,0.06471389332427745,0.04666729403711771,0.04250693321228027
526.0,0.09631030133988479,0.05036166056510967,0.034505367279052734
527.0,0.10155935511722555,0.056506493463899334,0.036005496978759766
528.0,0.08917343805339303,0.061456023259148486,0.03950762748718262
529.0,0.08093384691189266,0.06540446729575625,0.03850913047790527
530.0,0.0812605110329117,0.06859718458607714,0.03879523277282715
531.0,0.0908762884505152,0.07277759470983677,0.037702322006225586
532.0,0.09662494267695217,0.07798307488299352,0.038451194763183594
533.0,0.09607008023208743,0.08343231655719571,0.0385129451751709
534.0,0.07996277439695165,0.08774854315360917,0.03881216049194336
535.0,0.05416246493675256,0.08669340031485667,0.038697004318237305
536.0,0.04214131696134276,0.08127650187700247,0.03830432891845703
537.0,0.042927075606930085,0.07541327392597293,0.03892874717712402
538.0,0.04277240475594399,0.07077317059622802,0.03856635093688965
539.0,0.049825279899575116,0.06766231389499626,0.03732490539550781
540.0,0.05635199477942485,0.06517146226964758,0.03917670249938965
541.0,0.04659738419810559,0.06074357184440662,0.03849649429321289
542.0,0.034438567283481894,0.05452493430505959,0.03794217109680176
543.0,0.029634921794566147,0.047881418461307466,0.03856015205383301
544.0,0.02879887199120909,0.04276502822073321,0.03915119171142578
545.0,0.02056932426643474,0.039405714153701435,0.038846492767333984
546.0,0.024253173862112194,0.03761689984377837,0.03800654411315918
547.0,0.03174996183372928,0.03649918846645829,0.03851008415222168
548.0,0.04982151098927239,0.03720409908979113,0.03850722312927246
549.0,0.056557947188890276,0.03787736581872265,0.038506269454956055
550.0,0.040965634893002735,0.036338729830080435,0.03850698471069336
551.0,0.022591632027710088,0.03393815461304088,0.03950977325439453
552.0,0.03541050241653091,0.03403534812634579,0.04550528526306152
553.0,0.05986635276891374,0.03705849122378055,0.03150606155395508
554.0,0.08414434822964656,0.04259303884762429,0.038591623306274414
555.0,0.08502081956323436,0.049038188377304254,0.03850698471069336
556.0,0.07051878206479664,0.05366474919757269,0.03947281837463379
557.0,0.05675069786572343,0.056164822800772105,0.0383758544921875
558.0,0.019197816954619622,0.053102453397306834,0.03800511360168457
559.0,0.048927822409249803,0.0523394409193428,0.03869199752807617
560.0,0.0709158999184058,0.0553344674218831,0.03964996337890625
561.0,0.13461679304497218,0.0665369835236093,0.03810381889343262
562.0,0.2079205469063653,0.08378798797259275,0.0385439395904541
563.0,0.27717513666522414,0.10551886636222378,0.03821206092834473
564.0,0.3325795550151259,0.1303623870407717,0.0389704704284668
565.0,0.39220624001319954,0.16108092908576824,0.038822174072265625
566.0,0.44227315483791585,0.19825636636308017,0.03700709342956543
567.0,0.5102639893367871,0.24360769551018652,0.03919100761413574
568.0,0.5062104011991654,0.29230895393464107,0.038480281829833984
569.0,0.3940988543754226,0.32682605713125834,0.03840303421020508
570.0,0.18145732032642992,0.3378801991720607,0.03901028633117676
571.0,0.13911935674478693,0.3383304555420423,0.03750491142272949
572.0,0.26305946458633855,0.34384434731003954,0.039008378982543945
573.0,0.5010461138306671,0.3662314450265839,0.03900647163391113
574.0,0.6573629830733783,0.3987097878324091,0.03850960731506348
575.0,0.8318024296282298,0.44266940679391215,0.038013458251953125
576.0,0.9193077618658253,0.49037286749670306,0.03917288780212402
577.0,0.8582132387539604,0.5251677924384205,0.037842512130737305
578.0,0.7699421027624246,0.5515409625947464,0.03833317756652832
579.0,0.7478611261475644,0.5869171897719606,0.03882145881652832
580.0,0.6553139235447359,0.6343028500937913,0.0384974479675293
581.0,0.5315966477540153,0.6735505791947141,0.04687809944152832
582.0,0.3474254803126839,0.6819871807673485,0.03450608253479004
583.0,0.14023032036007438,0.6459056014202893,0.03581690788269043
584.0,0.06525257588658033,0.5866945607016094,0.038695573806762695
585.0,0.14598947356742598,0.518113265095529,0.03980255126953125
586.0,0.22259253826768266,0.44844174273571474,0.03899741172790527
587.0,0.3187109804680539,0.39449151690712403,0.03767895698547363
588.0,0.4677789947275758,0.3642752061036393,0.03901267051696777
589.0,0.6351313784593714,0.3530022313348199,0.03830742835998535
590.0,0.7848275593603916,0.3659535949163855,0.03799748420715332
591.0,0.8945242218998892,0.4022463523309729,0.03830552101135254
592.0,0.8907672629569807,0.4565805305954026,0.0380096435546875
593.0,0.7227416955258602,0.5148316681119811,0.039006710052490234
594.0,0.44443435760147904,0.552749846283471,0.04050803184509277
595.0,0.15536736584151442,0.55368763551088,0.036505937576293945
596.0,0.0762111421740149,0.5390494959015131,0.03900623321533203
597.0,0.16356591040182308,0.52353498889489,0.03900718688964844
598.0,0.16920199980986375,0.49367728940311884,0.03850746154785156
599.0,0.1627058672432049,0.44643473828150226,0.038012027740478516
600.0,0.16291938141598974,0.3842439204870621,0.03950905799865723
601.0,0.17203553629454812,0.31199505192652793,0.03739523887634277
602.0,0.18693375387910663,0.24161170101874047,0.03850960731506348
603.0,0.19412607395446918,0.18875013886160139,0.038741111755371094
604.0,0.17790920043855268,0.16209762314530876,0.03875994682312012
605.0,0.15332289342407285,0.1618931759035646,0.03900480270385742
606.0,0.1555754905257975,0.16982961073874286,0.03821587562561035
607.0,0.1613588589634906,0.16960890559490963,0.039998769760131836
608.0,0.14211250679539575,0.16689995629346283,0.038008928298950195
609.0,0.09133571879676923,0.15976294144881925,0.045007944107055664
610.0,0.10477149313559711,0.15394815262078,0.03200554847717285
611.0,0.13826567300535508,0.15057116629186068,0.038677215576171875
612.0,0.20749869691127865,0.15262766059507787,0.037804603576660156
613.0,0.2642971129497771,0.15964476449460868,0.03899812698364258
614.0,0.27318220397118836,0.16917206484787223,0.03874611854553223
615.0,0.22637724631686446,0.1764775001371514,0.038457393646240234
616.0,0.12966346790830152,0.1738862978754018,0.038797616958618164
617.0,0.03006875541225197,0.16075728752027793,0.03880429267883301
618.0,0.05460189550216308,0.15200622639095468,0.0380091667175293
619.0,0.09309395705434778,0.15218205021671252,0.03850722312927246
620.0,0.11462266992618646,0.15316716789577148,0.04098176956176758
621.0,0.13539074851514005,0.15287967544674996,0.0355067253112793
622.0,0.18391587922106792,0.1505213936777289,0.039870262145996094
623.0,0.19286234608311897,0.14337791699106306,0.03851127624511719
624.0,0.14323373832361336,0.13038307042630554,0.037484169006347656
625.0,0.10922118309312838,0.11866746410393195,0.03982186317443848
626.0,0.14170828746024752,0.11987194605912654,0.03750920295715332
627.0,0.2822199820856078,0.14508706872646213,0.03850603103637695
628.0,0.4175213257829996,0.18137901175454574,0.039916038513183594
629.0,0.48030658531950843,0.22010027458106185,0.038568735122680664
630.0,0.47200531173945826,0.25583853876238905,0.039006948471069336
631.0,0.39000844973426213,0.28130030888430124,0.038483619689941406
632.0,0.3035716868347026,0.29326588964566475,0.037580013275146484
633.0,0.26404385883923315,0.30038404092127613,0.03899693489074707
634.0,0.23020207128031334,0.30908087421694613,0.03868365287780762
635.0,0.15938201209540254,0.31409695711717356,0.03850913047790527
636.0,0.0947045505453145,0.3093965834256802,0.03874325752258301
637.0,0.060882732370109584,0.2872628584541304,0.04600691795349121
638.0,0.06312866605747512,0.251823592481578,0.03250575065612793
639.0,0.09150612637069978,0.21294354658669712,0.03700995445251465
640.0,0.090048554969219,0.17474787090967314,0.03900742530822754
641.0,0.07676294801285748,0.1434233207375327,0.038506269454956055
642.0,0.08187832084407842,0.12125398413847029,0.03867483139038086
643.0,0.059289126575409426,0.10077851091208792,0.038509368896484375
644.0,0.04833043204641049,0.08259134698869763,0.03851151466369629
645.0,0.04654396102908633,0.07130754188206602,0.038010358810424805
646.0,0.07048986297467429,0.068886073125002,0.03801369667053223
647.0,0.12086642519738887,0.07488444240772993,0.038213253021240234
648.0,0.17500897788135153,0.08607247359011756,0.037831783294677734
649.0,0.22174932478771733,0.09909679343181932,0.03919506072998047
650.0,0.23419637756674314,0.11351157569157173,0.03850674629211426
651.0,0.24967878547942515,0.13080315943822848,0.038510799407958984
652.0,0.241298697518339,0.14674519710565453,0.038812875747680664
653.0,0.20869499243296832,0.16168578369141046,0.03816699981689453
654.0,0.18840936230529906,0.17569367671729935,0.039099931716918945
655.0,0.17752390101899324,0.18879167071629005,0.03790736198425293
656.0,0.15873764759237935,0.1976164491780605,0.03849935531616211
657.0,0.1344512385613741,0.19897493051445905,0.039493560791015625
658.0,0.11744209890019532,0.19321824261634343,0.03750276565551758
659.0,0.10519303926665076,0.18156261406423674,0.03850102424621582
660.0,0.0961465212674173,0.16775762843430414,0.0386044979095459
661.0,0.09736876639824088,0.1525266265261857,0.03939557075500488
662.0,0.08876331154218352,0.1372730879285702,0.037496328353881836
663.0,0.07248475148697033,0.12365206383397039,0.03850865364074707
664.0,0.06732334492567618,0.11154346209600811,0.03850674629211426
665.0,0.06722794909406932,0.10051386690351569,0.04650998115539551
666.0,0.07896137007402579,0.09253623915168033,0.03650522232055664
667.0,0.06991807516011116,0.08608292281155407,0.03350520133972168
668.0,0.0492750779665604,0.07926622071819056,0.03814840316772461
669.0,0.04572373783409934,0.07331929057493541,0.0385129451751709
670.0,0.04270457738238293,0.06797509618643198,0.03850746154785156
671.0,0.03537735064095546,0.061775954610703454,0.0390779972076416
672.0,0.0482146129022397,0.05772108474670906,0.04050731658935547
673.0,0.06068892604978239,0.05654150220299027,0.03671550750732422
674.0,0.0437085031006269,0.05418001802048533,0.03877902030944824
675.0,0.023862524580306948,0.049843475569109105,0.03841757774353027
676.0,0.04415996880184841,0.04636333544189136,0.03850674629211426
677.0,0.07115438460631808,0.046486966386512056,0.03879356384277344
678.0,0.11562440237409664,0.05312189882726568,0.03900003433227539
679.0,0.1449367380157484,0.0630431988454306,0.03850054740905762
680.0,0.09887116806663533,0.06865985791385582,0.037662506103515625
681.0,0.07709615853749456,0.07283173870350973,0.038344383239746094
682.0,0.07636593331417489,0.07564687074470325,0.038992881774902344
683.0,0.06634649795095648,0.07621262793482067,0.03813529014587402
684.0,0.0704275565787601,0.07888453328263398,0.03851056098937988
685.0,0.1416042501611064,0.09065870584071392,0.03900718688964844
686.0,0.12115027961533714,0.0983577369220628,0.04150700569152832
687.0,0.16228420663129572,0.10747071912456056,0.035005807876586914
688.0,0.14401250021368617,0.1103095289085195,0.03800678253173828
689.0,0.09739761684882543,0.10555561679182723,0.03751230239868164
690.0,0.11722080222080632,0.10739058020724432,0.038712263107299805
691.0,0.1469104218517753,0.11437200653867241,0.03851175308227539
692.0,0.10688502863086619,0.11742391607034153,0.038012027740478516
693.0,0.1675110354060187,0.12754036981584777,0.040244340896606445
694.0,0.1510320919338869,0.13560082335136042,0.04750561714172363
695.0,0.13044657432672366,0.13448505576792216,0.030504226684570312
696.0,0.18138993629823283,0.14050902143621172,0.03850293159484863
697.0,0.21761672146548713,0.14604227291963084,0.03782153129577637
698.0,0.22989740309891799,0.15463076320815405,0.03850054740905762
699.0,0.20349646985273637,0.16524064850854514,0.03899836540222168
700.0,0.15517280672851733,0.16903584895931628,0.03870368003845215
701.0,0.08848913880122893,0.16319372065426163,0.03829836845397949
702.0,0.04403816352847813,0.15690903414402282,0.038478851318359375
703.0,0.02483341650399932,0.1426412722538209,0.03922247886657715
704.0,0.015737591296310385,0.12911182219006323,0.038205623626708984
705.0,0.02417925830654017,0.11848509058804486,0.03927016258239746
706.0,0.022161789147479048,0.10256227587296947,0.03800058364868164
707.0,0.024825287778528556,0.0832831325042736,0.03950977325439453
708.0,0.03797027870054978,0.0640904200644368,0.03850674629211426
709.0,0.0677826225217427,0.050519035331337434,0.03800606727600098
710.0,0.062254632195987,0.0412272178780844,0.037506103515625
711.0,0.03788079647252593,0.036166383645214094,0.039510250091552734
712.0,0.021452105654609938,0.033907777857827275,0.03800630569458008
713.0,0.04202000212542895,0.035626436419970244,0.03898930549621582
714.0,0.061277979683314075,0.04018047525867061,0.03900909423828125
715.0,0.07343155111972123,0.04510570453998872,0.03801083564758301
716.0,0.08477750885689304,0.051367276510930114,0.03850531578063965
717.0,0.08862207571468805,0.05774695530454608,0.03950953483581543
718.0,0.09881108882698726,0.06383103631718982,0.03894829750061035
719.0,0.10003045901692251,0.06705581996670781,0.03835177421569824
720.0,0.08130724929761386,0.0689610816768705,0.03795433044433594
721.0,0.06322057167799015,0.07149505919741692,0.038500308990478516
722.0,0.03009689347338289,0.0723595379792942,0.03919839859008789
723.0,0.009507629035878519,0.06910830067033916,0.04800820350646973
724.0,0.007723728142053719,0.06375287551621311,0.030005216598510742
725.0,0.01652241017148929,0.05806196142138992,0.03878426551818848
726.0,0.03081269446216726,0.052665479981917354,0.03865218162536621
727.0,0.04096994619124342,0.047900267029572896,0.03825044631958008
728.0,0.0797136323932672,0.0459905213862009,0.03877687454223633
729.0,0.10290565812590804,0.046278041297099434,0.03812408447265625
730.0,0.09924324534138615,0.04807164090147666,0.038648366928100586
731.0,0.0663196163154398,0.048381545365221636,0.03900933265686035
732.0,0.020002747044334506,0.04737213072231679,0.03850746154785156
733.0,0.026944226193139277,0.04911579043804288,0.037506818771362305
734.0,0.051908040742450104,0.05353422169808251,0.03950643539428711
735.0,0.07203250456300192,0.059085231137233775,0.03850674629211426
736.0,0.09571353637781822,0.06557531532879887,0.03850412368774414
737.0,0.11341146397543508,0.07281946710721804,0.03923296928405762
738.0,0.1177412639735224,0.07662223026524355,0.037508487701416016
739.0,0.09496844039937098,0.07582850849258985,0.040221452713012695
740.0,0.05416777309011212,0.07132096126746243,0.036501407623291016
741.0,0.013077269789184928,0.06599672661483695,0.03849339485168457
742.0,0.0306135221688802,0.06705780412729152,0.03905177116394043
743.0,0.06588728768065726,0.07095211027604333,0.03900027275085449
744.0,0.08477531337328549,0.07423883753912686,0.03769850730895996
745.0,0.08294198279167164,0.07532978536199383,0.0388033390045166
746.0,0.06367759543678,0.07212619126789001,0.03849983215332031
747.0,0.04545320884775698,0.06533036575512219,0.037994384765625
748.0,0.024562921430302982,0.05601253150080025,0.0381932258605957
749.0,0.01644435283434642,0.048160122744297804,0.03899836540222168
750.0,0.01577313243823801,0.0443206586791104,0.03901267051696777
751.0,0.009110601547171845,0.043923991854909084,0.045508384704589844
752.0,0.024258279966165173,0.04328846763463759,0.03250479698181152
753.0,0.0452941702169577,0.04122915588826763,0.03878378868103027
754.0,0.05080419163391863,0.037832043714330944,0.03851032257080078
755.0,0.05082406303747119,0.03462025173891089,0.03900766372680664
756.0,0.05030486661706906,0.0332829788569398,0.0375058650970459
757.0,0.06388885019607149,0.035126542991771245,0.03850579261779785
758.0,0.09101817856202112,0.04177206870494306,0.039006710052490234
759.0,0.1306554255460332,0.05319317597611175,0.038103580474853516
760.0,0.1475698259424976,0.0663728453265377,0.03900957107543945
761.0,0.15117918138711073,0.08057970331053158,0.038507938385009766
762.0,0.15018814220085197,0.09317268953400028,0.03851151466369629
763.0,0.16080046347259344,0.10472331885956383,0.03826117515563965
764.0,0.17800598741489662,0.11744349843766164,0.03869819641113281
765.0,0.20272059786915064,0.13263315192082958,0.040636539459228516
766.0,0.22676827426692092,0.15027949268581478,0.03600311279296875
767.0,0.23920075436027505,0.16781068310223515,0.039730072021484375
768.0,0.2367751958080065,0.18238638482683367,0.037506818771362305
769.0,0.2116916574561317,0.1904900080178435,0.03899502754211426
770.0,0.1815554646660114,0.19388857189019487,0.03770160675048828
771.0,0.14696555169610684,0.19346720892109448,0.03875279426574707
772.0,0.11346495551414111,0.1897948902524234,0.038045644760131836
773.0,0.09169870178569334,0.18288471408373339,0.039201974868774414
774.0,0.08359412205691144,0.17344352754793488,0.03800845146179199
775.0,0.06975798906595378,0.16014726666761522,0.03900933265686035
776.0,0.06255497549535001,0.14372593679045814,0.0382843017578125
777.0,0.05987798548838043,0.12579365990326868,0.03968191146850586
778.0,0.05938933766367806,0.10805507408883581,0.047005653381347656
779.0,0.06123342572496149,0.0930092509157188,0.030005693435668945
780.0,0.06687362949205981,0.08154106739832363,0.03900647163391113
781.0,0.07134208245012104,0.07397872047372504,0.038506269454956055
782.0,0.07262902721311465,0.0698951276436224,0.03800654411315918
783.0,0.07412474393984105,0.06813773185903717,0.03901028633117676
784.0,0.07024566718430539,0.06680288637177656,0.038513898849487305
785.0,0.06047304365682325,0.06587439183086352,0.03866004943847656
786.0,0.053279681781157204,0.06494686245944423,0.03800559043884277
787.0,0.04502055875064231,0.06346111978567041,0.03900647163391113
788.0,0.028588132118243983,0.06038099923112701,0.03876781463623047
789.0,0.016990604167295826,0.05595671707536045,0.03882408142089844
790.0,0.01742950937770108,0.05101230506392457,0.0384981632232666
791.0,0.03758179043431349,0.04763627586234382,0.040499210357666016
792.0,0.042051054547915336,0.044578478595823895,0.036005258560180664
793.0,0.042044000213482445,0.04137040422318803,0.0384976863861084
794.0,0.045584902556159795,0.03890432776037347,0.038996219635009766
795.0,0.03762443561264998,0.036619466955956144,0.03852128982543945
796.0,0.04521663716931076,0.0358131624947715,0.03797769546508789
797.0,0.04467052207053002,0.03577815882676027,0.03900647163391113
798.0,0.051129571701902826,0.03803230278512616,0.03899502754211426
799.0,0.06164636810906608,0.04249787917930318,0.03850960731506348
800.0,0.06902563312808105,0.04765749155434118,0.03800678253173828
801.0,0.0704056203058416,0.05093987454149399,0.03850603103637695
802.0,0.07171706150898376,0.05390647523760084,0.03850698471069336
803.0,0.06935839669570909,0.0566379148858235,0.038506507873535156
804.0,0.06587030759374612,0.05866645538958213,0.03900790214538574
805.0,0.06402814614012697,0.06130682644232984,0.03950929641723633
806.0,0.06204348616033354,0.0629895113414321,0.04700493812561035
807.0,0.05961127939827652,0.06448358707420676,0.030005455017089844
808.0,0.061184518890481564,0.06548908179306463,0.0385134220123291
809.0,0.06378478907052877,0.06570292388921091,0.03923201560974121
810.0,0.06905593140758663,0.06570595371716145,0.038511037826538086
811.0,0.08080406422534644,0.06674579810911194,0.03851127624511719
812.0,0.0951221065230738,0.06908630261052096,0.03784680366516113
813.0,0.10474903238672649,0.07262536617962269,0.03865480422973633
814.0,0.120915567857532,0.07812989220600128,0.03916764259338379
815.0,0.12398343534527648,0.08412542112651622,0.038700103759765625
816.0,0.11751408552510943,0.0896724810629938,0.03860282897949219
817.0,0.11205479990541016,0.09491683311370717,0.03819751739501953
818.0,0.1063577810431022,0.09943415932896923,0.03869962692260742
819.0,0.0936430108195225,0.10241998150386862,0.03850889205932617
820.0,0.08286413184385744,0.10380080154749569,0.03829479217529297
821.0,0.0635875399685009,0.10207914912181115,0.039006948471069336
822.0,0.03139392387451065,0.09570633085695482,0.03834342956542969
823.0,0.023467620950402952,0.08757818971332249,0.03914332389831543
824.0,0.02881766156292119,0.0783683990838614,0.038504838943481445
825.0,0.03246486657740313,0.06921654220707406,0.0380096435546875
826.0,0.04515450584567571,0.061980584239130686,0.039006710052490234
827.0,0.07231103470541886,0.05800620771913155,0.039006710052490234
828.0,0.10967286739620749,0.058337716354442085,0.04100775718688965
829.0,0.13939460295395523,0.06291287556788536,0.03600716590881348
830.0,0.15237410954940786,0.0698638733384404,0.04001307487487793
831.0,0.16359653802544133,0.07986477314413445,0.03702664375305176
832.0,0.1697535826107375,0.09370073901775713,0.038288116455078125
833.0,0.16129657779729917,0.10748363470244675,0.03848147392272949
834.0,0.16032313844576565,0.1206341823907312,0.04501819610595703
835.0,0.15013769659644743,0.13240146539263561,0.03900504112243652
836.0,0.12284648182316721,0.14017066299038478,0.03250551223754883
837.0,0.09595229796317016,0.1425347893161599,0.039495229721069336
838.0,0.061019864136638645,0.137669488990203,0.03812456130981445
839.0,0.02479276535220038,0.12620930523002755,0.03800225257873535
840.0,0.003278603941745307,0.1112997546692613,0.03799867630004883
841.0,0.02563589509543004,0.09750369037626015,0.03770303726196289
842.0,0.05873033292097871,0.08640136540728428,0.038797855377197266
843.0,0.09249706148897009,0.07952141377645136,0.03900003433227539
844.0,0.11675372960247501,0.07516447289212229,0.03950905799865723
845.0,0.11451201785338722,0.07160190501781627,0.03700900077819824
846.0,0.08407205731692113,0.06772446256719167,0.03948211669921875
847.0,0.042265849395640896,0.06235581771043874,0.038497209548950195
848.0,0.00802583874438255,0.05705641517121314,0.038509368896484375
849.0,0.01486872613526247,0.05606401124951934,0.03800654411315918
850.0,0.029547121444232587,0.05869086299976807,0.039006948471069336
851.0,0.04585105542466762,0.06071237903269182,0.03800678253173828
852.0,0.06555456496067745,0.0613948022366617,0.039006710052490234
853.0,0.09266445037659647,0.06141154112542434,0.037511348724365234
854.0,0.13250997477721768,0.06298716564289861,0.04150962829589844
855.0,0.18296031364057594,0.06983199522161748,0.03651118278503418
856.0,0.21300412524434267,0.08272520201435964,0.038211822509765625
857.0,0.22084397976032144,0.1005830150508277,0.03900337219238281
858.0,0.21654906868768184,0.12143533804515763,0.03800654411315918
859.0,0.20042487500956763,0.13999095293258815,0.03901815414428711
860.0,0.18863590019209137,0.15589983080737402,0.03769707679748535
861.0,0.1780271172650945,0.1691174369914167,0.03921008110046387
862.0,0.16962253790284113,0.17952423428563308,0.03910636901855469
863.0,0.1664387301414485,0.18690166226211827,0.04168415069580078
864.0,0.16436089792757871,0.19008675457715438,0.04300713539123535
865.0,0.16192832255923378,0.18798355546902018,0.031005859375
866.0,0.15565948749623093,0.182249091694209,0.03890204429626465
867.0,0.12866854214924803,0.17303154793310166,0.03788447380065918
868.0,0.09256393658310502,0.16063303472264395,0.038751840591430664
869.0,0.06606479974736043,0.14719702719642322,0.03914594650268555
870.0,0.05579341543714233,0.1339127787209283,0.038506507873535156
871.0,0.05960987204559936,0.12207105419897882,0.0380101203918457
872.0,0.06640830165438169,0.11174963057413287,0.037787437438964844
873.0,0.07529973181876146,0.10263573074186419,0.03901052474975586
874.0,0.0753535575608699,0.0937349967051933,0.038506269454956055
875.0,0.06615496108576957,0.08415766055784688,0.038005828857421875
876.0,0.04942002360712667,0.07353371416893646,0.03900742530822754
877.0,0.034242466149747165,0.06409110656898637,0.03800678253173828
878.0,0.02486747207682589,0.05732146011835846,0.03901052474975586
879.0,0.02487945982681271,0.05320292612630369,0.03901386260986328
880.0,0.030634029741848805,0.050686987556774324,0.03899693489074707
881.0,0.04256875984790914,0.0489828763370053,0.038500070571899414
882.0,0.04471593282469687,0.04681363945403682,0.037514448165893555
883.0,0.04243804708784196,0.04352747098094487,0.038004398345947266
884.0,0.03737658964709616,0.039729774189567496,0.04059910774230957
885.0,0.023957828675371155,0.035510060948527655,0.037819862365722656
886.0,0.019083058612323966,0.03247636444904738,0.03801417350769043
887.0,0.02636264065633794,0.03168838189970646,0.03948497772216797
888.0,0.03797302263364809,0.03299893695538868,0.03700065612792969
889.0,0.046052545120832254,0.035116245484790636,0.038500308990478516
890.0,0.04963885867261814,0.03701672837786757,0.03899574279785156
891.0,0.05025118131006239,0.037784970524082896,0.04500746726989746
892.0,0.04847114023867874,0.038160491265481086,0.03800654411315918
893.0,0.04631737562475588,0.038548424119172475,0.03200578689575195
894.0,0.04723901592690225,0.03953466674715308,0.039006948471069336
895.0,0.04879636376924924,0.04201852025654089,0.03851032257080078
896.0,0.050337620303277854,0.045143976425636285,0.03849601745605469
897.0,0.0591142106137951,0.048419133421382,0.039006710052490234
898.0,0.07130135193412977,0.051751966351430166,0.03850722312927246
899.0,0.08374892064224847,0.05552160390357179,0.03800630569458008
900.0,0.08897307941716512,0.05945502597802649,0.04000711441040039
901.0,0.08554751038279308,0.06298465888529955,0.037508249282836914
902.0,0.08004128798591306,0.06614167366002298,0.03819704055786133
903.0,0.07234201377796273,0.06874413747534366,0.0392913818359375
904.0,0.06360482511683153,0.0703807183943366,0.03851652145385742
905.0,0.05878052793736017,0.07137913481114769,0.038619279861450195
906.0,0.0568769552731443,0.07203306830813433,0.038251399993896484
907.0,0.056143694433828426,0.07173601669013767,0.03886222839355469
908.0,0.0550877880833923,0.07011466030506391,0.03850817680358887
909.0,0.05421476633445631,0.0671612448742847,0.038494110107421875
910.0,0.04726229151674216,0.06299016608424242,0.039521217346191406
911.0,0.041665504869988323,0.05860196553296193,0.03800630569458008
912.0,0.0420851527597773,0.05480635201034836,0.03736734390258789
913.0,0.05402170901093339,0.05297432153364542,0.03851890563964844
914.0,0.07658173170531114,0.05427201219249338,0.0384829044342041
915.0,0.1016040049099918,0.058554359889756546,0.038908958435058594
916.0,0.11388703044792658,0.06425536740723478,0.037895917892456055
917.0,0.12489814279345643,0.07113081224319757,0.03971052169799805
918.0,0.13761324603392328,0.07938335803825067,0.0385127067565918
919.0,0.1488443153867926,0.0888463129434843,0.038971662521362305
920.0,0.16506394332620575,0.10062647812443067,0.045006513595581055
921.0,0.19590059096108361,0.1160499867335402,0.03300619125366211
922.0,0.21633521452018215,0.1334749929095807,0.037009477615356445
923.0,0.23101387823129912,0.15117420983161728,0.038506507873535156
924.0,0.2401000971499823,0.16752604637608437,0.039080142974853516
925.0,0.22522662829142867,0.17988830871422806,0.038512468338012695
926.0,0.19318403311743992,0.18781800898117934,0.03848671913146973
927.0,0.14115852529071482,0.1894440472309052,0.03899693489074707
928.0,0.08124062612240643,0.18380678523975352,0.03850126266479492
929.0,0.03037796527772275,0.17196015022884653,0.038202762603759766
930.0,0.014870551632682373,0.1569408110594942,0.03869152069091797
931.0,0.029188490562494708,0.14026960101963531,0.03900313377380371
932.0,0.03310549891212718,0.12194662945882981,0.038793087005615234
933.0,0.04526152957766576,0.10337139459346649,0.03807830810546875
934.0,0.0524567370398371,0.08460705858245197,0.0384218692779541
935.0,0.03710387016043018,0.06579478276935212,0.038701772689819336
936.0,0.01386346770062821,0.047862726227670946,0.03830409049987793
937.0,0.015279635905747522,0.03527483728917422,0.03819775581359863
938.0,0.02173697918176994,0.029324472595110573,0.03882479667663574
939.0,0.022515577197279372,0.028538233787066235,0.03897738456726074
940.0,0.016624005186238983,0.028713579142421897,0.03799796104431152
941.0,0.02208366570750372,0.028003096656922792,0.03850841522216797
942.0,0.02938187370110638,0.027630734135820716,0.03819108009338379
943.0,0.025049289374923938,0.025609510115546536,0.03900623321533203
944.0,0.025231078783204852,0.022886944289883308,0.04000973701477051
945.0,0.031112884586857917,0.02228784573252608,0.037006378173828125
946.0,0.04736924671063557,0.02563842363352682,0.04000973701477051
947.0,0.03835432431059452,0.027945892474011524,0.04600834846496582
948.0,0.020564056672348296,0.027828600223069357,0.030506134033203125
949.0,0.026777321669355775,0.028254774670276993,0.03700613975524902
950.0,0.029427017029300954,0.029535075854583193,0.03851127624511719
951.0,0.033414231492069894,0.030668132433039813,0.03873157501220703
952.0,0.034883156165293264,0.031218260679458498,0.03856301307678223
953.0,0.029844845958478614,0.03169781633781397,0.038144826889038086
954.0,0.03532525144861284,0.03270723360435477,0.03836345672607422
955.0,0.0563337321695392,0.0352293183626229,0.038931846618652344
956.0,0.09264491370616948,0.039756885062176284,0.03800392150878906
957.0,0.1385212075723135,0.04977357338834819,0.03900003433227539
958.0,0.1663427293609263,0.064351440657206,0.038747310638427734
959.0,0.17296845707269043,0.07897055419753944,0.038256168365478516
960.0,0.1676466963058753,0.09279252212519688,0.03869485855102539
961.0,0.16509524328632819,0.10596062330462272,0.03830146789550781
962.0,0.16766209698850926,0.11923851738694431,0.039000749588012695
963.0,0.16766901119247468,0.13302093391034392,0.03850674629211426
964.0,0.15278752212162514,0.14476716097764514,0.03899121284484863
965.0,0.13659101301477022,0.15279288906216823,0.03800463676452637
966.0,0.11838069973754503,0.1553664676653058,0.03850984573364258
967.0,0.10749561111275993,0.15226390801935044,0.03800630569458008
968.0,0.10621082074991393,0.1462507171582492,0.03900718688964844
969.0,0.09548984036280224,0.13850285548726038,0.04001021385192871
970.0,0.07930356496315003,0.12966854235298786,0.0375065803527832
971.0,0.06827627636661394,0.11998664566101644,0.03900623321533203
972.0,0.06043241785632825,0.10926367774779835,0.03848671913146973
973.0,0.057402158142568535,0.09823699244280773,0.03850865364074707
974.0,0.05984990622940235,0.08894323085358545,0.038631439208984375
975.0,0.059630950527736065,0.08124722460488203,0.041324615478515625
976.0,0.051843861719709575,0.07459354080309848,0.0440058708190918
977.0,0.041850980494591426,0.06802907774128163,0.03050541877746582
978.0,0.04197583799299709,0.061605579465589956,0.03918647766113281
979.0,0.032284882570141886,0.0552850836863239,0.038301706314086914
980.0,0.027757853574929794,0.05013051254750188,0.03944730758666992
981.0,0.04288692850937359,0.04759157776177785,0.038750410079956055
982.0,0.05565786037605477,0.0471141220137505,0.037297725677490234
983.0,0.05003606289452672,0.046377512488946324,0.03800153732299805
984.0,0.03673418913342517,0.044065940779348604,0.03850412368774414
985.0,0.03489434131479013,0.04159227985805401,0.03950095176696777
986.0,0.022154091288251316,0.038623302814908195,0.03750944137573242
987.0,0.022072694212513573,0.0366454741867004,0.038506507873535156
988.0,0.026093807984619317,0.03505727118586262,0.04000711441040039
989.0,0.03288446964392933,0.03511722989324137,0.037507057189941406
990.0,0.04325864662035724,0.03666730919778412,0.03900718688964844
991.0,0.05280812942172018,0.037659429289018775,0.038509368896484375
992.0,0.0629109334298958,0.03838473659440288,0.039505720138549805
993.0,0.06637011257015357,0.040018141561965564,0.038014888763427734
994.0,0.0648247090222025,0.042827193550843294,0.038012027740478516
995.0,0.06074965660638511,0.04541272508000279,0.0384979248046875
996.0,0.058649259939555665,0.04906224194513323,0.03902602195739746
997.0,0.05654959463469586,0.05250993198735145,0.03839993476867676
998.0,0.05843304711196936,0.05574385590008646,0.03850984573364258
999.0,0.06321483305511409,0.058776892241204935,0.038480520248413086
1000.0,0.0663751210018965,0.06108853967935886,0.037703514099121094
